iter	Logloss
0	0.5533143268
1	0.5178819019
2	0.5024135967
3	0.4928643648
4	0.4860314177
5	0.4819668179
6	0.4780959425
7	0.4758965745
8	0.4730827602
9	0.470745068
